[{"Jetty":"Apapa","LastUpdate":"02-05-2022 10:38","Home":{"Latitude":6.41096,"Longitude":3.39447},"SecurityLevel":2,"IntervalInMinutes":60,"RoutePlans":[{"Id":"de3b5198-c98e-40cb-9ee5-7881d28ebb2a","Name":"iii","OrgId":8,"StartAt":"28-04-2022 10:11","EndAt":"29-04-2022 10:11","IsActive":false,"CheckPoints":[{"Id":"5ca225d6-bd05-4c69-a73c-4c7dcd16ecf7","Name":"Point No. 1","Latitude":"6.457675","Longitude":"3.368074","WaitforSeconds":10,"Devices":[]},{"Id":"677f5dad-e0df-4d93-b101-8fb2dc8108e3","Name":"Point No. 2","Latitude":"6.45643","Longitude":"3.370209","WaitforSeconds":10,"Devices":[]}]},{"Id":"270074c1-35e3-4081-9771-5f2b2e9b23c4","Name":"xccc","OrgId":8,"StartAt":"02-05-2022 10:34","EndAt":"02-05-2022 10:34","IsActive":false,"CheckPoints":[{"Id":"bc5928aa-3e71-4695-8da7-d36da184e196","Name":"Point No. 1","Latitude":"6.456967","Longitude":"3.372837","WaitforSeconds":10,"Devices":["b612164b-0313-4e83-95bc-fc2bfc10ea36"]},{"Id":"adf4f633-5ea6-4980-8160-228a0ff78615","Name":"Point No. 2","Latitude":"6.457203","Longitude":"3.371056","WaitforSeconds":10,"Devices":["e47f1d52-b035-45dd-b35b-c55511d80f9f"]}]}]}]
