{"Id":"51568a85-41bc-4b63-8420-847ebca9760a","Name":"test","OrgId":8,"StartAt":"24-04-2022 09:47","EndAt":"24-04-2022 09:49","IsActive":true,"CheckPoints":[{"Id":"74495994-8537-43e3-8a64-996907adf762","Name":"Point No. 1","Latitude":"6.4563","Longitude":"3.3677","WaitforSeconds":10,"Devices":["b612164b-0313-4e83-95bc-fc2bfc10ea36","e47f1d52-b035-45dd-b35b-c55511d80f9f"]},{"Id":"6c62e017-0b7a-4557-9d69-3f6a3dc5a0e1","Name":"Point No. 2","Latitude":"6.4563","Longitude":"3.3707","WaitforSeconds":10,"Devices":["e47f1d52-b035-45dd-b35b-c55511d80f9f","b612164b-0313-4e83-95bc-fc2bfc10ea36"]},{"Id":"04653fbf-79f2-425f-a5fd-5ee920392446","Name":"Point No. 3","Latitude":"6.4547","Longitude":"3.371","WaitforSeconds":10,"Devices":["e47f1d52-b035-45dd-b35b-c55511d80f9f","b612164b-0313-4e83-95bc-fc2bfc10ea36"]},{"Id":"bdb66e6e-9ffa-411e-a13e-91af091c5f19","Name":"Point No. 4","Latitude":"6.4538","Longitude":"3.3692","WaitforSeconds":10,"Devices":["e47f1d52-b035-45dd-b35b-c55511d80f9f","b612164b-0313-4e83-95bc-fc2bfc10ea36"]}]}
